FirstName,LastName,Email,PhoneNumber
John,Doe,john.doe@example.com,123-456-7890
Jane,Smith,jane.smith@example.com,234-567-8901
Alice,Johnson,alice.j@example.com,345-678-9012
Bob,Brown,bob.brown@example.com,456-789-0123
Charlie,Davis,charlie.d@example.com,567-890-1234
Diana,Garcia,diana.g@example.com,678-901-2345
Ethan,Martinez,ethan.m@example.com,789-012-3456
Fiona,Hernandez,fiona.h@example.com,890-123-4567
George,Lopez,george.l@example.com,901-234-5678
Hannah,Wilson,hannah.w@example.com,012-345-6789